<?xml version="1.0"?>
<resources><string name="txt_humid_cloudy">Humid and Partly Cloudy</string><string name="lbl_location_not_found">Location not found</string><string name="lbl_got_it">Got it</string><string name="lbl_more_details">More details</string><string name="lbl_checkbox_weather_news">Do not show daily weather news</string><string name="lbl_today_weather_news">Today Weather News</string><string name="lbl_daily_weather_news">Daily weather news</string><string name="lbl_grant">Grant</string><string name="lbl_description_today_weather_news_permission">We have a new fantastic feature: Today weather news, which helps you never miss any latest weather information each day. Please grant overlay permission to enjoy this new feature.</string><string name="lbl_preparing_data">Preparing data...</string><string name="lbl_turn_off_feature_description">You can turn off this feature in</string><string name="lbl_app_settings">app settings</string><string name="lbl_confirm_turn_off_weather_news">You will miss important daily weather news if turn off this feature</string><string name="lbl_transparent_widget">Transparent widget</string><string name="lbl_chance_of_rain_">Chance of rain</string><string name="lbl_chance_of_snow">Chance of snow</string><string name="lbl_report_problem">Report problem</string><string name="lbl_how_to_add_widgets">How to add weather widget to home screen?</string><string name="lbl_app_widgets">App widgets</string><string name="lbl_widget">Widget</string><string name="distance_knot">knots</string><string name="distance_fts">ft/s</string><string name="lbl_weather_widgets">Weather widgets</string><string name="lbl_information">Information</string><string name="lbl_guide">Guide</string><string name="lbl_guide_app_widgets_step_0">Step 1: Tap and hold an empty space on home screen, you will see Widgets option at the bottom of the screen.</string><string name="lbl_guide_app_widgets_step_1">Step 2: Tap the Widgets icon to go to the widgets list.</string><string name="lbl_guide_app_widgets_step_2">Step 3: Tap and hold any widget of Weather app then drag it to an empty area on a home screen.</string><string name="lbl_guide_app_widgets_step_3">Step 4: The weather widget has been added to the home screen.</string><string name="lbl_next">Next</string><string name="lbl_ok_got_it">OK, Got it</string><string name="lbl_choose_wind_speed_unit">Choose Wind Speed unit</string><string name="lbl_choose_pressure_unit">Choose Pressure unit</string><string name="lbl_choose_precipitation_unit">Choose Precipitation unit</string><string name="lbl_how_to_add_widget">How to add a widget</string><string name="lbl_languages">Languages</string><string name="lbl_auto">Auto</string><string name="lbl_select_language">Select Language</string><string name="msg_restart_to_change_config">App will restart now to apply language changed</string><string name="lbl_breezy_and_party_cloudy">Breezy and Partly Cloudy</string><string name="lbl_dark_background">Dark background</string></resources>
