<?xml version="1.0"?>
<resources><string name="app_name">Weather Forecast</string><string name="alert_loading_data">Loading data&#x2026;</string><string name="alert_detecting_data">Detecting current location&#x2026;</string><string name="navigation_drawer_open">Open</string><string name="navigation_drawer_close">Close</string><string name="search_location">Search location</string><string name="network_not_found">Network not found</string><string name="max_temperature">Max:</string><string name="min_temperature">Min:</string><string name="wind">Wind:</string><string name="distance_km">km/h</string><string name="distance_mi">mi/h</string><string name="settings">Setting</string><string name="settings_home">Home</string><string name="unit_settings">Unit setting</string><string name="settings_temperature">Temperature</string><string name="settings_distance">Distance</string><string name="settings_developer">Developer</string><string name="settings_share">Share</string><string name="settings_rate">Rate</string><string name="settings_more_app">More App</string><string name="home_more">More &#x2026;</string><string name="title_daily_weather">Daily Weather</string><string name="title_hourly_weather">Hourly Weather</string><string name="details_weather_humidity">Humidity:</string><string name="details_weather_precipitation">Precipitation:</string><string name="details_weather_wind_chill">Wind chill:</string><string name="details_weather_wind_speed">Wind speed:</string><string name="details_weather_wind_direct">Wind Direction:</string><string name="details_weather_dew_point">Dew Point:</string><string name="details_weather_pressure">Pressure:</string><string name="details_sunset">Sunset:</string><string name="details_sunrise">Sunrise:</string><string name="dialog_delete_address">Delete address</string><string name="dialog_msg_delete_address">Do you want to delete this address?</string><string name="dialog_button_delete">Delete</string><string name="dialog_button_cancel">Cancel</string><string name="title_gps_settings">GPS settings</string><string name="msg_gps_settings">GPS is not enabled. Do you want to go to settings menu?</string><string name="button_settings">Settings</string><string name="button_cancel">Cancel</string><string name="btn_yes">Yes</string><string name="btn_no">No</string><string name="Done">Done</string><string name="day_monday">Monday</string><string name="day_tuesday">Tuesday</string><string name="day_wednesday">Wednesday</string><string name="day_thursday">Thursday</string><string name="day_friday">Friday</string><string name="day_saturday">Saturday</string><string name="day_sunday">Sunday</string><string name="direction_north">North</string><string name="direction_north_north_east">North North East</string><string name="direction_north_east">North East</string><string name="direction_east_north_east">East North East</string><string name="direction_east">East</string><string name="direction_east_south_east">East South East</string><string name="direction_south_east">South East</string><string name="direction_south_south_east">South South East</string><string name="direction_south">South</string><string name="direction_south_south_west">South South West</string><string name="direction_south_west">South West</string><string name="direction_west_south_west">West South West</string><string name="direction_west">West</string><string name="direction_west_north_west">West North West</string><string name="direction_north_west">North West</string><string name="direction_north_norh_west">North North West</string><string name="txt_partly_cloudy">Partly Cloudy</string><string name="txt_overcast">Overcast</string><string name="txt_clear">Clear</string><string name="txt_mostly_cloudy">Mostly Cloudy</string><string name="txt_dizzle">Drizzle</string><string name="txt_light_rain">Light Rain</string><string name="heavy_rain">Heavy Rain</string><string name="txt_rain_breezy">Rain and breezy</string><string name="txt_rain">Rain</string><string name="txt_notification">Notification</string><string name="txt_lock_screen">Lock Screen</string><string name="txt_click_add_to_location">Click to add location</string><string name="txt_advertisement">Add location</string><string name="txt_off_lock_screen">You will miss important weather information if you turn off lock screen feature.</string><string name="txt_enable_notification">Please enable System Notification in Settings.</string><string name="txt_keep">Keep it</string><string name="txt_turn_off">Turn off</string><string name="txt_detele_back">Please choose at least one location.</string><string name="msg_network_setttings">Network is not enabled. Do you want to go to settings menu?</string><string name="msg_lock_screen_on">Lock screen feature is turned on.</string><string name="txt_current_location">Current Location</string><string name="txt_edit_location">Edit Location</string><string name="txt_my_location">My Location</string><string name="txt_status_bar">Status bar</string><string name="msg_exit_app">Do you want to leave app?</string><string name="msg_exit_app_cb">Never ask again</string><string name="txt_time_format">Time Format</string><string name="app_version">Version</string><string name="lbl_get_full_version">Get Pro Version</string><string name="lbl_cloud_cover">Cloud Cover:</string><string name="lbl_alert_phone_state_permission_denied">Access phone state denied! The app required to access phone state to control state of lock screen feature.</string><string name="lbl_get_pro_version_title">Buy a professional version to remove ads and motivate us to work hard to improve the product better.</string><string name="lbl_ok">OK, buy now</string><string name="lbl_later">Later</string><string name="lbl_no_thanks">No, thanks</string><string name="lbl_recent_search_address_description">Recent results, click Search to find more...</string><string name="lbl_no_result_found">No result found</string><string name="lbl_manage_location">Manage location</string><string name="lbl_select_addresses_to_delete">Select addresses you want to delete</string><string name="lbl_please_wait">Please wait...</string><string name="lbl_weather_radar">Weather Radar</string><string name="lbl_alert_overlay_permission_denied">Overlay permission was denied! Lock-screen feature require overlay permission.</string><string name="lbl_alert_gps_low_accuracy_mode">GPS setting of your device not set for high accuracy mode, please go to GPS settings and set to high accuracy mode.</string><string name="txt_stormy">Stormy</string><string name="txt_sunny">Sunny</string><string name="txt_cloudy">Cloudy</string><string name="txt_windy">Windy</string><string name="txt_hurricanes">Hurricanes</string><string name="txt_typhoons">Typhoons</string><string name="txt_foggy">Foggy</string><string name="txt_snow">Snow</string><string name="txt_hail">Hail</string><string name="txt_sleet">Sleet</string><string name="lbl_fell_live">Feel like</string><string name="lbl_radar">Radar</string><string name="lbl_forecast">Forecast</string><string name="lbl_wind_gust">Wind Gust</string><string name="lbl_dew_point">Dew Point</string><string name="lbl_msl_pressure">MSL Pressure</string><string name="lbl_emoji">Emoji</string><string name="lbl_pressure">Pressure</string><string name="lbl_rain_snow">Rain, Snow</string><string name="lbl_clouds">Clouds</string><string name="lbl_waves">Waves</string><string name="lbl_currents">Currents</string><string name="lbl_index_uv">UV Index</string><string name="lbl_ozone">Ozone</string><string name="lbl_wind_speed">Wind Speed</string><string name="lbl_temperature">Temperature</string><string name="lbl_wind">Wind</string><string name="txt_mostly_sunny">Mostly Sunny</string><string name="txt_partly_sunny">Partly Sunny</string><string name="txt_haze">Haze</string><string name="txt_showers">Showers</string><string name="txt_thunderstorm">Thunderstorm</string><string name="txt_sandstorm">Sandstorm</string><string name="txt_snowstorm">Snowstorm</string><string name="txt_tornadoes">Tornadoes</string><string name="txt_blizzard">Blizzard</string><string name="txt_mist">Mist</string><string name="txt_drought">Drought</string><string name="txt_wildfire">Wildfire</string><string name="txt_avalanche">Avalanche</string><string name="txt_breezy">Breezy</string><string name="txt_dust">Dust</string><string name="txt_smoky">Smoky</string><string name="txt_blustery">Blustery</string><string name="txt_humid">Humid</string><string name="txt_fair">Fair</string><string name="txt_ice_pellet">Ice Pellet</string><string name="txt_ice_crystals">Ice Crystals</string><string name="txt_cold">Cold</string><string name="txt_hot">Hot</string><string name="txt_dry">Dry</string><string name="txt_wet">Wet</string><string name="lbl_details">Details</string><string name="lbl_chance_of_rain">Chance of rain:</string><string name="lbl_moon_phases">Moon Phases:</string><string name="lbl_date_format">Date Format</string><string name="lbl_choose_date_format">Choose date format</string><string name="lbl_choose_wind_speed_format">Choose Wind Speed format</string><string name="lbl_choose_pressure_format">Choose Pressure format</string><string name="lbl_choose_precipitation_format">Choose Precipitation format</string><string name="distance_ms">m/s</string><string name="unit_mm">mm</string><string name="unit_in">in</string><string name="unit_mmHg">mmHg</string><string name="unit_hPa">hPa</string><string name="unit_mbar">mbar</string><string name="unit_dobson">DU</string><string name="unit_inHg">inHg</string><string name="txt_new_moon">New moon</string><string name="txt_waxing_crescent">Waxing crescent</string><string name="txt_first_quarter">First quarter</string><string name="txt_waxing_gibbous">Waxing gibbous</string><string name="txt_full_moon">Full moon</string><string name="txt_waning_gibbous">Waning gibbous</string><string name="txt_third_quarter">Third quarter</string><string name="txt_waning_crescent">Waning crescent</string><string name="txt_dark_moon">Dark moon</string><string name="lbl_rain_probability">Rain probability:</string><string name="lbl_low">Low</string><string name="lbl_moderate">Moderate</string><string name="lbl_high">High</string><string name="lbl_very_high">Very high</string><string name="lbl_extreme">Extreme</string><string name="lbl_system">System</string></resources>
